-- INSERT DATA FOR AIRLINE MANAGEMENT DATABASE

USE airlinemanagement_updated;

-- INSERT AIRPORTS (20 records)
INSERT INTO airport (airport_code, airport_name, city, country) VALUES
('DEL', 'Indira Gandhi International Airport', 'Delhi', 'India'),
('BOM', 'Chhatrapati Shivaji Maharaj International Airport', 'Mumbai', 'India'),
('BLR', 'Kempegowda International Airport', 'Bangalore', 'India'),
('MAA', 'Chennai International Airport', 'Chennai', 'India'),
('CCU', 'Netaji Subhas Chandra Bose International Airport', 'Kolkata', 'India'),
('HYD', 'Rajiv Gandhi International Airport', 'Hyderabad', 'India'),
('AMD', 'Sardar Vallabhbhai Patel International Airport', 'Ahmedabad', 'India'),
('PNQ', 'Pune Airport', 'Pune', 'India'),
('GOI', 'Goa International Airport', 'Goa', 'India'),
('COK', 'Cochin International Airport', 'Kochi', 'India'),
('DXB', 'Dubai International Airport', 'Dubai', 'UAE'),
('SIN', 'Singapore Changi Airport', 'Singapore', 'Singapore'),
('LHR', 'London Heathrow Airport', 'London', 'UK'),
('JFK', 'John F. Kennedy International Airport', 'New York', 'USA'),
('LAX', 'Los Angeles International Airport', 'Los Angeles', 'USA'),
('CDG', 'Charles de Gaulle Airport', 'Paris', 'France'),
('FRA', 'Frankfurt Airport', 'Frankfurt', 'Germany'),
('HKG', 'Hong Kong International Airport', 'Hong Kong', 'China'),
('NRT', 'Narita International Airport', 'Tokyo', 'Japan'),
('SYD', 'Sydney Kingsford Smith Airport', 'Sydney', 'Australia');

-- INSERT PASSENGERS (20 records)
INSERT INTO passenger (name, aadhar, nationality, address, gender, phone, email, date_of_birth) VALUES
('Rajesh Kumar', '123456789012', 'Indian', '123 MG Road, Delhi', 'Male', '9876543210', 'rajesh.kumar@email.com', '1985-03-15'),
('Priya Sharma', '234567890123', 'Indian', '456 Brigade Road, Bangalore', 'Female', '9876543211', 'priya.sharma@email.com', '1990-07-22'),
('Amit Patel', '345678901234', 'Indian', '789 SG Highway, Ahmedabad', 'Male', '9876543212', 'amit.patel@email.com', '1988-11-10'),
('Sneha Reddy', '456789012345', 'Indian', '321 Banjara Hills, Hyderabad', 'Female', '9876543213', 'sneha.reddy@email.com', '1992-05-18'),
('Vikram Singh', '567890123456', 'Indian', '654 Connaught Place, Delhi', 'Male', '9876543214', 'vikram.singh@email.com', '1987-09-25'),
('Anjali Verma', '678901234567', 'Indian', '987 Park Street, Kolkata', 'Female', '9876543215', 'anjali.verma@email.com', '1995-02-14'),
('Karthik Iyer', '789012345678', 'Indian', '147 T Nagar, Chennai', 'Male', '9876543216', 'karthik.iyer@email.com', '1989-12-30'),
('Deepika Nair', '890123456789', 'Indian', '258 Marine Drive, Kochi', 'Female', '9876543217', 'deepika.nair@email.com', '1993-08-07'),
('Rahul Joshi', '901234567890', 'Indian', '369 FC Road, Pune', 'Male', '9876543218', 'rahul.joshi@email.com', '1986-04-20'),
('Meera Kapoor', '012345678901', 'Indian', '741 Linking Road, Mumbai', 'Female', '9876543219', 'meera.kapoor@email.com', '1991-06-12'),
('Arjun Malhotra', '112345678902', 'Indian', '852 Golf Course Road, Gurgaon', 'Male', '9876543220', 'arjun.malhotra@email.com', '1984-01-08'),
('Pooja Gupta', '212345678903', 'Indian', '963 Saket, Delhi', 'Female', '9876543221', 'pooja.gupta@email.com', '1994-10-03'),
('Sanjay Desai', '312345678904', 'Indian', '159 Koregaon Park, Pune', 'Male', '9876543222', 'sanjay.desai@email.com', '1983-07-28'),
('Kavita Menon', '412345678905', 'Indian', '357 Whitefield, Bangalore', 'Female', '9876543223', 'kavita.menon@email.com', '1996-03-16'),
('Nikhil Chopra', '512345678906', 'Indian', '753 Sector 17, Chandigarh', 'Male', '9876543224', 'nikhil.chopra@email.com', '1990-11-21'),
('Ritu Bansal', '612345678907', 'Indian', '951 Civil Lines, Jaipur', 'Female', '9876543225', 'ritu.bansal@email.com', '1988-09-14'),
('Aditya Rao', '712345678908', 'Indian', '159 Jubilee Hills, Hyderabad', 'Male', '9876543226', 'aditya.rao@email.com', '1992-12-05'),
('Swati Kulkarni', '812345678909', 'Indian', '357 Viman Nagar, Pune', 'Female', '9876543227', 'swati.kulkarni@email.com', '1987-05-22'),
('Manish Agarwal', '912345678910', 'Indian', '753 Salt Lake, Kolkata', 'Male', '9876543228', 'manish.agarwal@email.com', '1985-08-17'),
('Neha Sinha', '102345678911', 'Indian', '951 Anna Nagar, Chennai', 'Female', '9876543229', 'neha.sinha@email.com', '1993-02-28');

-- INSERT AIRCRAFT (20 records)
INSERT INTO aircraft (aircraft_model, capacity, manufacturer) VALUES
('Boeing 737-800', 189, 'Boeing'),
('Airbus A320neo', 180, 'Airbus'),
('Boeing 787-9 Dreamliner', 290, 'Boeing'),
('Airbus A350-900', 315, 'Airbus'),
('Boeing 777-300ER', 396, 'Boeing'),
('Airbus A380-800', 525, 'Airbus'),
('Boeing 737 MAX 8', 178, 'Boeing'),
('Airbus A321neo', 220, 'Airbus'),
('Embraer E190', 114, 'Embraer'),
('Bombardier CRJ900', 90, 'Bombardier'),
('Boeing 767-300ER', 269, 'Boeing'),
('Airbus A330-300', 277, 'Airbus'),
('Boeing 747-8', 467, 'Boeing'),
('Airbus A220-300', 160, 'Airbus'),
('ATR 72-600', 78, 'ATR'),
('Boeing 737-700', 149, 'Boeing'),
('Airbus A319', 156, 'Airbus'),
('Boeing 787-8 Dreamliner', 242, 'Boeing'),
('Embraer E175', 88, 'Embraer'),
('Airbus A330-200', 253, 'Airbus');

-- INSERT FLIGHTS (20 records)
INSERT INTO flight (flight_number, flight_name, departure_airport_id, arrival_airport_id, travel_date, available_seats, price, journey_time, arrival_date, departure_date) VALUES
('AI101', 'Air India Express', 1, 2, '2025-11-01', 150, 5500.00, '2h 15m', '2025-11-01', '2025-11-01'),
('6E202', 'IndiGo Flight', 3, 4, '2025-11-02', 170, 4800.00, '1h 30m', '2025-11-02', '2025-11-02'),
('SG303', 'SpiceJet Service', 2, 5, '2025-11-03', 140, 6200.00, '2h 45m', '2025-11-03', '2025-11-03'),
('UK404', 'Vistara Premium', 1, 11, '2025-11-05', 280, 35000.00, '4h 30m', '2025-11-05', '2025-11-05'),
('EK505', 'Emirates Flight', 2, 11, '2025-11-06', 300, 38000.00, '3h 45m', '2025-11-06', '2025-11-06'),
('SQ606', 'Singapore Airlines', 3, 12, '2025-11-07', 250, 42000.00, '5h 15m', '2025-11-07', '2025-11-07'),
('BA707', 'British Airways', 1, 13, '2025-11-10', 350, 65000.00, '9h 30m', '2025-11-10', '2025-11-10'),
('AI808', 'Air India International', 2, 14, '2025-11-12', 320, 75000.00, '15h 45m', '2025-11-13', '2025-11-12'),
('6E909', 'IndiGo Domestic', 6, 3, '2025-11-04', 165, 5200.00, '1h 45m', '2025-11-04', '2025-11-04'),
('SG010', 'SpiceJet Connect', 7, 1, '2025-11-05', 135, 4500.00, '1h 50m', '2025-11-05', '2025-11-05'),
('UK111', 'Vistara Service', 4, 9, '2025-11-08', 155, 7800.00, '2h 20m', '2025-11-08', '2025-11-08'),
('AI212', 'Air India Regional', 8, 10, '2025-11-09', 120, 6500.00, '2h 10m', '2025-11-09', '2025-11-09'),
('EK313', 'Emirates Connect', 11, 16, '2025-11-11', 290, 45000.00, '7h 15m', '2025-11-11', '2025-11-11'),
('SQ414', 'Singapore Express', 12, 18, '2025-11-13', 260, 52000.00, '7h 30m', '2025-11-13', '2025-11-13'),
('BA515', 'British Airways Europe', 13, 17, '2025-11-14', 200, 28000.00, '1h 45m', '2025-11-14', '2025-11-14'),
('AI616', 'Air India Shuttle', 5, 6, '2025-11-15', 145, 5800.00, '2h 00m', '2025-11-15', '2025-11-15'),
('6E717', 'IndiGo Metro', 1, 7, '2025-11-16', 175, 4200.00, '1h 25m', '2025-11-16', '2025-11-16'),
('SG818', 'SpiceJet Economy', 3, 8, '2025-11-17', 130, 3900.00, '1h 15m', '2025-11-17', '2025-11-17'),
('UK919', 'Vistara Business', 2, 20, '2025-11-20', 270, 85000.00, '11h 30m', '2025-11-21', '2025-11-20'),
('AI020', 'Air India Comfort', 4, 2, '2025-11-18', 160, 5100.00, '1h 35m', '2025-11-18', '2025-11-18');

-- INSERT FLIGHT_AIRCRAFT (20 records)
INSERT INTO flight_aircraft (flight_id, aircraft_id) VALUES
(1, 1), (2, 2), (3, 1), (4, 3), (5, 4),
(6, 5), (7, 6), (8, 5), (9, 2), (10, 1),
(11, 7), (12, 8), (13, 4), (14, 3), (15, 11),
(16, 9), (17, 2), (18, 10), (19, 6), (20, 2);

-- INSERT EMPLOYEES (20 records)
INSERT INTO employee (name, employee_number, department, job_title, hire_date, airport_id) VALUES
('Suresh Ramachandran', 'EMP001', 'Operations', 'Airport Manager', '2015-01-15', 1),
('Lakshmi Krishnan', 'EMP002', 'Customer Service', 'Senior Agent', '2016-03-20', 2),
('Rajiv Malhotra', 'EMP003', 'Engineering', 'Maintenance Engineer', '2017-05-10', 3),
('Anita Deshmukh', 'EMP004', 'Security', 'Security Supervisor', '2018-07-22', 4),
('Prakash Yadav', 'EMP005', 'Ground Staff', 'Ground Handler', '2019-02-14', 5),
('Divya Nambiar', 'EMP006', 'Flight Operations', 'Flight Dispatcher', '2015-08-30', 1),
('Harish Shetty', 'EMP007', 'IT', 'System Administrator', '2016-11-18', 2),
('Radha Iyer', 'EMP008', 'HR', 'HR Manager', '2014-04-25', 3),
('Ganesh Patil', 'EMP009', 'Cargo', 'Cargo Supervisor', '2017-09-12', 6),
('Shweta Banerjee', 'EMP010', 'Customer Service', 'Check-in Agent', '2018-12-05', 7),
('Arun Kumar', 'EMP011', 'Operations', 'Operations Coordinator', '2016-06-08', 8),
('Priyanka Mehta', 'EMP012', 'Finance', 'Financial Analyst', '2015-10-20', 1),
('Vijay Reddy', 'EMP013', 'Engineering', 'Aircraft Technician', '2019-01-15', 9),
('Shalini Gupta', 'EMP014', 'Training', 'Training Manager', '2014-07-30', 2),
('Manoj Singh', 'EMP015', 'Security', 'Security Officer', '2017-03-22', 10),
('Kavitha Pillai', 'EMP016', 'Ground Staff', 'Ramp Agent', '2018-05-17', 3),
('Ravi Shankar', 'EMP017', 'Flight Operations', 'Air Traffic Controller', '2015-12-11', 1),
('Nisha Jain', 'EMP018', 'Customer Service', 'Lounge Manager', '2016-08-28', 4),
('Sunil Rao', 'EMP019', 'Cargo', 'Cargo Handler', '2019-04-03', 5),
('Asha Menon', 'EMP020', 'IT', 'Network Engineer', '2017-11-09', 2);

-- INSERT BOOKINGS (20 records)
INSERT INTO booking (flight_id, passenger_id, booking_date, pnr_number, seat_number, booking_status) VALUES
(1, 1, '2025-10-15 10:30:00', 'PNR1001', '12A', 'Confirmed'),
(2, 2, '2025-10-16 14:45:00', 'PNR1002', '15B', 'Confirmed'),
(3, 3, '2025-10-17 09:20:00', 'PNR1003', '8C', 'Confirmed'),
(4, 4, '2025-10-18 16:10:00', 'PNR1004', '22D', 'Confirmed'),
(5, 5, '2025-10-19 11:25:00', 'PNR1005', '18E', 'Confirmed'),
(6, 6, '2025-10-20 13:50:00', 'PNR1006', '25F', 'Confirmed'),
(7, 7, '2025-10-21 08:15:00', 'PNR1007', '30A', 'Confirmed'),
(8, 8, '2025-10-22 15:40:00', 'PNR1008', '35B', 'Confirmed'),
(9, 9, '2025-10-16 12:30:00', 'PNR1009', '10C', 'Confirmed'),
(10, 10, '2025-10-17 10:55:00', 'PNR1010', '14D', 'Confirmed'),
(11, 11, '2025-10-20 14:20:00', 'PNR1011', '20E', 'Confirmed'),
(12, 12, '2025-10-21 09:45:00', 'PNR1012', '16F', 'Confirmed'),
(13, 13, '2025-10-23 11:10:00', 'PNR1013', '28A', 'Confirmed'),
(14, 14, '2025-10-24 13:35:00', 'PNR1014', '32B', 'Confirmed'),
(15, 15, '2025-10-25 16:00:00', 'PNR1015', '26C', 'Confirmed'),
(16, 16, '2025-10-26 10:25:00', 'PNR1016', '12D', 'Confirmed'),
(17, 17, '2025-10-26 14:50:00', 'PNR1017', '18E', 'Confirmed'),
(18, 18, '2025-10-26 08:15:00', 'PNR1018', '9F', 'Cancelled'),
(19, 19, '2025-10-26 12:40:00', 'PNR1019', '40A', 'Confirmed'),
(20, 20, '2025-10-25 15:05:00', 'PNR1020', '15B', 'Confirmed');

-- INSERT BAGGAGE (20 records)
INSERT INTO baggage (booking_id, weight, description) VALUES
(1, 23.5, 'One checked bag'),
(2, 18.0, 'One checked bag'),
(3, 25.0, 'Two checked bags'),
(4, 30.0, 'Two checked bags'),
(5, 20.5, 'One checked bag'),
(6, 28.0, 'Two checked bags'),
(7, 32.0, 'Two checked bags, one carry-on'),
(8, 35.0, 'Three checked bags'),
(9, 15.5, 'One checked bag'),
(10, 22.0, 'One checked bag'),
(11, 27.5, 'Two checked bags'),
(12, 19.0, 'One checked bag'),
(13, 31.0, 'Two checked bags'),
(14, 26.5, 'Two checked bags'),
(15, 33.0, 'Three checked bags'),
(16, 21.0, 'One checked bag'),
(17, 24.5, 'One checked bag'),
(18, 29.0, 'Two checked bags'),
(19, 36.0, 'Three checked bags'),
(20, 17.5, 'One checked bag');

-- INSERT FLIGHT_STATUS (20 records)
INSERT INTO flight_status (flight_id, status, status_time) VALUES
(1, 'On Time', '2025-11-01 06:00:00'),
(2, 'On Time', '2025-11-02 07:00:00'),
(3, 'Delayed', '2025-11-03 08:00:00'),
(4, 'On Time', '2025-11-05 09:00:00'),
(5, 'Boarding', '2025-11-06 10:00:00'),
(6, 'On Time', '2025-11-07 11:00:00'),
(7, 'Departed', '2025-11-10 12:00:00'),
(8, 'On Time', '2025-11-12 13:00:00'),
(9, 'Arrived', '2025-11-04 14:00:00'),
(10, 'On Time', '2025-11-05 15:00:00'),
(11, 'Boarding', '2025-11-08 16:00:00'),
(12, 'Delayed', '2025-11-09 17:00:00'),
(13, 'On Time', '2025-11-11 18:00:00'),
(14, 'Departed', '2025-11-13 19:00:00'),
(15, 'On Time', '2025-11-14 20:00:00'),
(16, 'Arrived', '2025-11-15 21:00:00'),
(17, 'On Time', '2025-11-16 06:30:00'),
(18, 'Boarding', '2025-11-17 07:30:00'),
(19, 'On Time', '2025-11-20 08:30:00'),
(20, 'Delayed', '2025-11-18 09:30:00');

-- INSERT PAYMENTS (20 records)
INSERT INTO payment (booking_id, payment_date, amount, payment_method, transaction_id) VALUES
(1, '2025-10-15 10:35:00', 5500.00, 'Credit Card', 'TXN1001'),
(2, '2025-10-16 14:50:00', 4800.00, 'Debit Card', 'TXN1002'),
(3, '2025-10-17 09:25:00', 6200.00, 'UPI', 'TXN1003'),
(4, '2025-10-18 16:15:00', 35000.00, 'Credit Card', 'TXN1004'),
(5, '2025-10-19 11:30:00', 38000.00, 'Net Banking', 'TXN1005'),
(6, '2025-10-20 13:55:00', 42000.00, 'Credit Card', 'TXN1006'),
(7, '2025-10-21 08:20:00', 65000.00, 'Credit Card', 'TXN1007'),
(8, '2025-10-22 15:45:00', 75000.00, 'Credit Card', 'TXN1008'),
(9, '2025-10-16 12:35:00', 5200.00, 'Debit Card', 'TXN1009'),
(10, '2025-10-17 11:00:00', 4500.00, 'UPI', 'TXN1010'),
(11, '2025-10-20 14:25:00', 7800.00, 'Credit Card', 'TXN1011'),
(12, '2025-10-21 09:50:00', 6500.00, 'Debit Card', 'TXN1012'),
(13, '2025-10-23 11:15:00', 45000.00, 'Net Banking', 'TXN1013'),
(14, '2025-10-24 13:40:00', 52000.00, 'Credit Card', 'TXN1014'),
(15, '2025-10-25 16:05:00', 28000.00, 'Credit Card', 'TXN1015'),
(16, '2025-10-26 10:30:00', 5800.00, 'UPI', 'TXN1016'),
(17, '2025-10-26 14:55:00', 4200.00, 'Debit Card', 'TXN1017'),
(18, '2025-10-26 08:20:00', 3900.00, 'Credit Card', 'TXN1018'),
(19, '2025-10-26 12:45:00', 85000.00, 'Credit Card', 'TXN1019'),
(20, '2025-10-25 15:10:00', 5100.00, 'UPI', 'TXN1020');

-- INSERT CUSTOMER_FEEDBACK (20 records)
INSERT INTO customer_feedback (passenger_id, flight_id, rating, comment, feedback_date) VALUES
(1, 1, 5, 'Excellent service and on-time departure!', '2025-11-01 20:00:00'),
(2, 2, 4, 'Good flight, comfortable seats.', '2025-11-02 19:00:00'),
(3, 3, 3, 'Flight was delayed by 30 minutes.', '2025-11-03 21:00:00'),
(4, 4, 5, 'Amazing experience with premium service.', '2025-11-05 22:00:00'),
(5, 5, 4, 'Good flight, but food could be better.', '2025-11-06 18:00:00'),
(6, 6, 5, 'Loved the service and entertainment options.', '2025-11-07 23:00:00'),
(7, 7, 4, 'Comfortable long-haul flight.', '2025-11-11 08:00:00'),
(8, 8, 3, 'Flight was okay, staff was friendly.', '2025-11-13 14:00:00'),
(9, 9, 5, 'Quick and efficient service!', '2025-11-04 20:00:00'),
(10, 10, 4, 'Pleasant journey, would fly again.', '2025-11-05 22:00:00'),
(11, 11, 4, 'Good service, timely boarding.', '2025-11-08 21:00:00'),
(12, 12, 2, 'Delayed flight, poor communication.', '2025-11-09 23:00:00'),
(13, 13, 5, 'Excellent crew and comfortable flight.', '2025-11-12 09:00:00'),
(14, 14, 4, 'Nice flight with good amenities.', '2025-11-14 10:00:00'),
(15, 15, 3, 'Average experience, nothing special.', '2025-11-15 07:00:00'),
(16, 16, 5, 'Perfect domestic flight!', '2025-11-16 08:00:00'),
(17, 17, 4, 'Good value for money.', '2025-11-16 19:00:00'),
(18, 18, 2, 'Flight had issues, not satisfied.', '2025-11-17 20:00:00'),
(19, 19, 5, 'Luxurious experience, worth every penny!', '2025-11-21 15:00:00'),
(20, 20, 4, 'Smooth flight, friendly staff.', '2025-11-18 18:00:00');

-- INSERT ROUTES (20 records)
INSERT INTO route (departure_airport_id, arrival_airport_id, distance) VALUES
(1, 2, 1400.50),
(3, 4, 330.25),
(2, 5, 1652.75),
(1, 11, 2200.00),
(2, 11, 1930.50),
(3, 12, 4100.00),
(1, 13, 6700.00),
(2, 14, 12500.00),
(6, 3, 510.00),
(7, 1, 850.00),
(4, 9, 980.50),
(8, 10, 650.25),
(11, 16, 5200.00),
(12, 18, 5300.00),
(13, 17, 400.00),
(5, 6, 625.00),
(1, 7, 550.75),
(3, 8, 450.00),
(2, 20, 10300.00),
(4, 2, 435.50);

-- INSERT LOGIN (20 records)
INSERT INTO login (username, password, role) VALUES
('admin', 'admin123', 'admin'),
('rajesh.kumar', 'pass123', 'user'),
('priya.sharma', 'pass123', 'user'),
('amit.patel', 'pass123', 'user'),
('sneha.reddy', 'pass123', 'user'),
('vikram.singh', 'pass123', 'user'),
('anjali.verma', 'pass123', 'user'),
('karthik.iyer', 'pass123', 'user'),
('deepika.nair', 'pass123', 'user'),
('rahul.joshi', 'pass123', 'user'),
('manager1', 'manager123', 'manager'),
('manager2', 'manager123', 'manager'),
('employee1', 'emp123', 'employee'),
('employee2', 'emp123', 'employee'),
('employee3', 'emp123', 'employee'),
('support1', 'support123', 'support'),
('support2', 'support123', 'support'),
('analyst1', 'analyst123', 'analyst'),
('superadmin', 'super123', 'superadmin'),
('guest', 'guest123', 'guest');